Type,MimeType,Supplier,Author,Publisher,Group,Name,Version,Scope,LicenseExpressions,LicenseNames,Copyright,Cpe,Purl,Modified,SwidTagId,SwidName,SwidVersion,SwidTagVersion,SwidPatch,SwidTextContentType,SwidTextEncoding,SwidTextContent,SwidUrl,MD5,SHA-1,SHA-256,SHA-384,SHA-512,SHA3-256,SHA3-384,SHA3-512,BLAKE2b-256,BLAKE2b-384,BLAKE2b-512,BLAKE3,Description
Library,,,,"VMware, Inc.",org.springframework.boot,spring-boot-starter-logging,3.1.1,,Apache-2.0,,,,pkg:maven/org.springframework.boot/spring-boot-starter-logging@3.1.1?type=jar,False,,,,,,,,,,71950dd9f63e35df04bc596a6102a7f3,53bb456e4bf8f751de5a6ce154707b052946fd43,467dfbead9165adfb50df58917954d0dea9cb32038dc8bc23e4911c8fd1028e9,397bfe1ee1010b7e40ba051cc26fa4dcfc4293ae7b6a8e38ff4b405f7dc15bd6aa85e018417e7a85293cf1fe49c2454a,216ee886b039123fc4e7e5555c69ed11645459bb76dabda2ae86df5b523b071834b40cf4df32a91606420e40d2084e3b0e5946c8c3eb68b28614d13e3143469f,0fddd9eaf7ef96b4e390556dffe2fde979bae82c71cc941a817413ebb0f3f5e4,499e90a61eebe07f245e560829f010e2fa8f1875a5edf9254cd39aed7ff3f9bd8722cbb1db1ea70c576a43612007f915,b034b7d9e3f8b743507c1c43ed9968bec00fa43e4732b4af1cd0379e436a7e124117a080a093e5de19d07f76e52d4343a0a74840dc0786edeb439b2b74509939,,,,,Starter for logging using Logback. Default logging starter
Library,,,,"VMware, Inc.",org.springframework.boot,spring-boot-autoconfigure,3.1.1,,Apache-2.0,,,,pkg:maven/org.springframework.boot/spring-boot-autoconfigure@3.1.1?type=jar,False,,,,,,,,,,098320602f039c3db4eb82fd88fc8036,618ec717eef4ba2ff347c7713150aac8e73fe233,0b50df9077898c6f1846acf08c6f8bfda101fb4c1bb417d795fb0c4a1ca1089b,1209d3639ab7e1122d85ccd7d12ac37f5bfb6c2bf5609572762ea3c10403e1bd9f2b2c22a6f7dac4af7459a9f21c52b6,74ceb20412c17ed5c9519287931a2e5b6dd7ae20064fce18d2cf1e698390250382d75f573a52e0aae538f648d171aed27f070a644c3558b404ba979c80d253b7,7866399c518b4d63a23566d800fa1417a966cab25893600660f76545a2437dd5,3f1587fb77f8dcd22073124aba92d08824566b0a78b55d88956ea07e2c2f7650a54a6f265b2174322e5ef806078965bb,f9f5763242766c826ee7456e338ce50b9e689ff3a04796be70b39743cfd5f8a3b0e60f71d6c8095dc70e63c4365d8024b01d0e27eaa8f664575c344bb566bb34,,,,,Spring Boot AutoConfigure
Library,,,,,jakarta.annotation,jakarta.annotation-api,2.1.1,,"EPL-2.0,GPL-2.0-with-classpath-exception",,,,pkg:maven/jakarta.annotation/jakarta.annotation-api@2.1.1?type=jar,False,,,,,,,,,,5dac2f68e8288d0add4dc92cb161711d,48b9bda22b091b1f48b13af03fe36db3be6e1ae3,5f65fdaf424eee2b55e1d882ba9bb376be93fb09b37b808be6e22e8851c909fe,798597a6b80b423844d70609c54b00d725a357031888da7e5c3efd3914d1770be69aa7135de13ddb89a4420a5550e35b,eabe8b855b735663684052ec4cc357cc737936fa57cebf144eb09f70b3b6c600db7fa6f1c93a4f36c5994b1b37dad2dfcec87a41448872e69552accfd7f52af6,f71ffc2a2c2bd1a00dfc00c4be67dbe5f374078bd50d5b24c0b29fbcc6634ecb,9629b8ca82f61674f5573723bbb3c137060e1442062eb52fa9c90fc8f57ea7d836eb2fb765d160ec8bf300bcb6b820be,aa4e29025a55878db6edb0d984bd3a0633f3af03fa69e1d26c97c87c6d29339714003c96e29ff0a977132ce9c2729d0e27e36e9e245a7488266138239bdba15e,,,,,Jakarta Annotations API
Library,,,,,com.fasterxml.jackson.datatype,jackson-datatype-jsr310,2.15.2,,Apache-2.0,,,,pkg:maven/com.fasterxml.jackson.datatype/jackson-datatype-jsr310@2.15.2?type=jar,False,,,,,,,,,,94d6cec0fe6ad8b81752beb500bd4bbc,30d16ec2aef6d8094c5e2dce1d95034ca8b6cb42,7574c81ad570476ef6aad26f419288fd466733f3315bee3012f2f29c9dc008c8,38a75ac595705f1f518c461009280318fbe85b3aab04a68b15e736b3365e20ea17c5db28e46da0d89673b223307b800f,3036ff042d09342d36e90960103ec57c77549b85e2c370dfdd57673195141fea6edbac29fa598cc1d1edf56e4d457b7b838dcdc3f50acae1cc70b5905e075301,a6991fef42c63f2f16758232fc2e6855bad4d21ec8cefb26a3a6308cf40d1388,5f73012de6ca68e69e21bac475a9ed504e1923abf15fb73da56576c0b381d9913bb51ad45906988c085ef03487b4d774,730eb8e065c28d87f313a9659d261b38827752a7e84dc27ef074efbdddd954a69c6a91052680cd23f056dd6778f7a3fc66bf17a92b557f35d38f69e114e5b737,,,,,Add-on module to support JSR-310 (Java 8 Date & Time API) data types.
Library,,,,"VMware, Inc.",org.springframework.boot,spring-boot-starter-tomcat,3.1.1,,Apache-2.0,,,,pkg:maven/org.springframework.boot/spring-boot-starter-tomcat@3.1.1?type=jar,False,,,,,,,,,,c94bbca30716890e65ae70aa56bd8a8f,927f80fb9d8816209420223d1a1a09e730ea78e6,3ddb7fd3600631457c802f2309c1794305b8b936ec866c0281d42897af12984f,3d4418104502f4ee90c125505d21df51c8739cfbdcd97ddde1b39e5f349f32c4c22523c2a1c8fa50c425ca67355b8467,a3596d237cac35ff8435ae9c192ba1e9dc5a100f9c228c6db60b0c315f35be7a890d5ef145d8fcde7b04d7ffe6224d740dd5f998ad33f5c0feb27c2c262d3d29,d12f6e16703120f8c52a922612eed8b8e4fc0d77f860018f485f8b4d0670fa43,63d31448e0959407c8f7e74e98f4fb9d16e1088d263f688427690f48fab0bd78e0ad69175da7a0fb87e3444915ee45d8,c395112465c78bfb6f69785b07f4ad80de6a593226d5a6d078f5488b12c5e207c03aafc6d939516670eae779d1f7848f9bf887c9f30625cc53f6596c9c1b97a2,,,,,Starter for using Tomcat as the embedded servlet container. Default servlet container starter used by spring-boot-starter-web
Library,,,,,org.apache.tomcat.embed,tomcat-embed-websocket,10.1.10,,Apache-2.0,,,,pkg:maven/org.apache.tomcat.embed/tomcat-embed-websocket@10.1.10?type=jar,False,,,,,,,,,,32ef8a36fe8c8022aa402903ceffaa60,10604119402bcaa8490b638698ad177f8df4c50c,09785bdd08dc81744ade48b46afb29f9f146f112703eb013c7127e34373c8816,151d2931eb27258b2b2de052bbcce827d5feb6ae61375c0cb5d30a42142c030be0fb14200987e95870d422deaedc192c,98d0770400880d42684b0c80bae9c6d49134a59b8aec962e554a48a657aae471a7b496e4122c24fa2b9ea3e928f834395ba9783839527f0f47cf8cb3b06ceeee,b21f2dc8d32071fe967ef9af430a77e63b89d38258f92d4ef2fff887d5576ddb,e3556927db493c4d5bab24ddc1d8659fc055fe6e070ddba5d297420ea47e592127dfc362fe46fbc4cb7841fcdf321783,dc5d429b710789cf5cdc83cee1d3d9bae2e29cd4be1c118b7fab2a791f3d5ff18eac69594cf436fc84c795368225bdd7676e21392af5196a4be8b3e7df857929,,,,,Core Tomcat implementation
Library,,,,Spring IO,org.springframework,spring-context,6.0.10,,Apache-2.0,,,,pkg:maven/org.springframework/spring-context@6.0.10?type=jar,False,,,,,,,,,,c174565de5f19d437130d8b6553a62f4,e2bd59f05c95647a274b7719d419cf8fde6f25a0,7621b05384de2f2faf77403fc46964a57c0c040c265681c3a897386390f130b9,3b7d1c087a2a8d6bd7570727feb50bfb0ebeb0ef09e48c63796a8955b401c610a08268c82831dfc7733dd9842d056a6c,58d8dea93bbc9861c925ed9c5d8bc7e2aa98e9efc9763690f2f677ee269e6bc27a700840cf4336fe433c72a363c0618f534526e60d8ec2dc1a0dc2d768e8e70d,874f062f2c17965f7b7a320ba8f0319aecfae90fb3eb507897ca6295e647f531,c944de64f1cfb5ebda34f2a51a2633e801a40acc197601054347877f7ffa13e3296c923f0233a982715a25e95e6386d5,8e7d3e7cae70dc9dddbce35153736ff19bef0f72fd19e29ddff16848ec59cc6494b1b4c79280b8331162f75e0908378eed34f718553ca323ca8d668196a74df0,,,,,Spring Context
Library,,,,,org.apache.logging.log4j,log4j-api,2.20.0,,Apache-2.0,,,,pkg:maven/org.apache.logging.log4j/log4j-api@2.20.0?type=jar,False,,,,,,,,,,f9446464667f0139b839b5e9da37f5b9,1fe6082e660daf07c689a89c94dc0f49c26b44bb,2f43eea679ea66f14ca0f13fec2a8600ac124f5a5231dcb4df8393eddcb97550,12b05c61f49caab0b845e93967228a3bd3ab096c4ea1516cb7263f49963137a688a178ddebe790ccc3c0c73f2d4440fc,851016b38421d21864bb3073089c44000f941bfbaa9dc518db7bf7fb3c7f942bfb2c0c7b832e375e82b2f285379bd0935e42aa1833817daacb4fca2a6a9500bc,2047730cb45c594da67d019cbd9f379e1d409a574deadfc9bc907461047f1fde,87151e10c182a828d06fb5299361f01091f5ff066c3d8ba1fac0358d40c370a06ea46d9d93613499ebf94a855aef2f41,5fde3529958bd5e9567f0dc6015c58621521641cfe0517eb1237413c750558415fdeb45cc1b4332c3d1f09938fc8fe327de86cc876ed52594c216d2c04c9d2d5,,,,,The Apache Log4j API
Library,,,,,org.slf4j,slf4j-api,2.0.7,,MIT,,,,pkg:maven/org.slf4j/slf4j-api@2.0.7?type=jar,False,,,,,,,,,,403dffa46cdd2e3c82da19df4f394a4c,41eb7184ea9d556f23e18b5cb99cad1f8581fc00,5d6298b93a1905c32cda6478808ac14c2d4a47e91535e53c41f7feeb85d946f4,c25b39f418aa726ba8405dfd9b356131f89984e2ef5a55a724a2abf3b7c78443f671105835161d2414d602cf03da9f2d,216d2cac27d501972c888f94dfa747d700b80d60813884b6ab4b12c6a3b17ed0c21a1d27e1aa4332c97c828f20039e3913d2763d7e1a3cef36ae4389a276e7a8,6e00d4b264a2afc4ca4e98f716ecece66c32c626ca3f8c5d56b22092b6fe417b,f33abfaac21badae6f85d3ebbc6c1204fd7fda3bb15173e763fa8cee95bce6a8270eec2c8f49343c66c8d2767bc317e1,ad7b9142d370fc532a07cdd43881a129b012ff50e2bede3ac27d9bd31ec707bf2f45e82002fa59e962955cc38ab73cdd77713fca50cedc926c046f5617c1285b,,,,,The slf4j API
Library,,,,Spring IO,org.springframework,spring-core,6.0.10,,Apache-2.0,,,,pkg:maven/org.springframework/spring-core@6.0.10?type=jar,False,,,,,,,,,,5dae840cba7438aae43d780858274e89,889aa214b6607763ddeb6bd391d682cd71681b36,1c0a6bf9cccfa8bbe6ab49c13963c1abb2edff81d88b1af7462617ddc7c0975d,aa0ed6625f91171d4a33b00f8910236cbc4c8dbae55f88888c9c78a259c09f63dc33a922b940aeeb83bb445ca27aeb52,5e32a26f3a8b550bd987450aeed8c4599ad04cf1ae1501f4240556c588ad9bd1217795ae36174303318ea72e2ef7ff033f67d78f87d14306835767023c1dfa01,1dc4d232649fa67faba65a95dfbeb5132b038488660e88f3b311886a3a6bac16,ec6f50258abb2279507694e909e5b0de894d5feaf716a836b3cc396d733d22d86e9a5d1db62673bb649f9752448523e8,76d81510c17e432a3ceba82afc93dc74a77ba70fd964b1c3de42e643b7fd8c60905fa7644d2fb2398639779052d18dadfa69f55973eaedd22fa5c5b2b43fbb37,,,,,Spring Core
Library,,,,,org.apache.tomcat.embed,tomcat-embed-core,10.1.10,,Apache-2.0,,,,pkg:maven/org.apache.tomcat.embed/tomcat-embed-core@10.1.10?type=jar,False,,,,,,,,,,0a7406ed5d082109b973dbac4de22b2b,7423236b34aa78d6f36592b2aa294d7c8469f219,7c50655e94ca4e32ffc9ee0f96aa378722a145fe063cda2f2c3ae307be27196b,d0213ada3f8e2724a1061be3a8c7611f8b9c61f6820edb8a496936aa0c6a74ded6be6aac931c447edb006e1d91cbe061,91c11ab122d7c166ca0cba744a95437ae29562e2171758d826201ef8b55abb25302e2c9714f18138febc2ce53690d30e9583a455455a2d97386e7a61799d5b6a,60a95f1b1a82f9c4ca5e3e13ad16be627416fbb1627731a91fdceab8265a4aa8,304a2a5419d0c5cc469efbce19757a6b81ea3fc803975d75afc5e582b2f71b43159277513ea3acde9a53727be7a487c9,7e90cd225d759e6fadb69c852f07ea81699e2a621f9c4e33bb883b0d8c61e0e7aabbea3958a9e707ee25a80f1b340f12d0c57b9d4dd273d2e53ff18fe2709e26,,,,,Core Tomcat implementation
Library,,,,,ch.qos.logback,logback-core,1.4.8,,EPL-1.0,GNU Lesser General Public License,,,pkg:maven/ch.qos.logback/logback-core@1.4.8?type=jar,False,,,,,,,,,,b45855e7af9196f7fb92fddab4493dac,3fba9c105e0efc5ffdcda701379687917d5286f7,123453142b41b627bc0d035d1fee8c1ed4deafacfbdacbe3a238934c19a0627a,ea0d1445c6024d896d2932d095d2b28c82ec990b7e9a7d7621beca45ccb23105a5e167db01cc76d806a9e17fff12d34e,1b344c8c62adde467187c4b145323889968e5fdc7873889d5a29de051498f17f2ecc351f7bf4f9f0670964043b0b1cc29772756f03185edefacf5ddd215a9165,58958bc47d2f71ca3d363a704f7cc9e0771715534175556113ffdde46ca58b11,233f06be2317e80835e120383d9fc7ec1ba29a97efdc0e6a1ac49f6661e6b8a135fc99983c2a813cc04c8c4635313abf,e4b97864c0ee6ccadb8307b7c4ef924c1908c725d352dca20849c9b0134984ad6157a0468cca0679154dfebca8cc5c395d4d6c9c7dea3a2e744b4ba8c223cb36,,,,,logback-core module
Library,,,,"VMware, Inc.",org.springframework.boot,spring-boot-starter-web,3.1.1,,Apache-2.0,,,,pkg:maven/org.springframework.boot/spring-boot-starter-web@3.1.1?type=jar,False,,,,,,,,,,c1e450ad7c1d258780cac1807566663c,0f2c2d9e35430e4b4a98ad91780bb9b2d1deec08,ea6b38b5db586cfab89b73a47518168eff7b20b03ab54371eaa59a6ba8cf8570,dc6b31927978ea5cea3c60844d869b9e0dfbb032ababb64162cbe7e7eb2a8694fe3df575d2678de13f5568cfc9e87ab9,2b48ba17e453349590e2b6382ce18d971632a3ab42cd1d789b5538914f7078bed4e886d6cae1e48454c4aee5d32eba05ce32958c30b166f5e8b9f64e403e5a07,2bca01c3381c15e626d05ef10d08c0dbf6706f7f71ea39a3dd77922568d5b105,cd2af5cdf5fe06963540a04b0f930dcdcee3282fdee27f89dc1dae55b23579ed89fc194439a343f753fca39022647bf9,c8f7c0316a2a5b4aed11ca7aece20e471cd44153ff0b7ea686322a83cc9b4d76b097a882ac49eeaea11046a2a46230e22d766cc813a3e1a4517fd5c89aa573c9,,,,,"Starter for building web, including RESTful, applications using Spring MVC. Uses Tomcat as the default embedded container"
Library,,,,"VMware, Inc.",org.springframework.boot,spring-boot-starter,3.1.1,,Apache-2.0,,,,pkg:maven/org.springframework.boot/spring-boot-starter@3.1.1?type=jar,False,,,,,,,,,,f056bb770cebefe3a635b657a9e70703,cf74eeaef5a265c75dd89fea829391bf08efdb6c,4af9559271ae2b16d66669afe50d06d43d9907ed697f374a3e0f9a852a317291,c3b6124ad5a01b2603eb620f74058055245078c3517c6122cf5907740818543654cc13223567643ca6a3f062f39b928b,16dd852588c86b6c5ed159195a8710138afdb129be24047eb988b38a878dbab8ed5272f5a016a778a3e79a9929bc9b6bd2197f0b6e70d5289ccf560e0a28ecdd,9bc6225e3e943a3377fc451b83beeb8d7075c241686056fff5216c2e4eab51f6,533fbc47222033656da11b196299a8a693e6cde31151801227dbe7d6c53442e17d79f2957f31649903646901cd8c7fb8,a5f3c277433d0817aebcd049548775cb28d920d5540191e9699dd08047a7ea18832abea2668be419d083952c134bc0d6dee24f5ba04950d19b7b3aaf6bd22131,,,,,"Core starter, including auto-configuration support, logging and YAML"
Library,,,,,org.apache.logging.log4j,log4j-to-slf4j,2.20.0,,Apache-2.0,,,,pkg:maven/org.apache.logging.log4j/log4j-to-slf4j@2.20.0?type=jar,False,,,,,,,,,,11a04aba126ad458aee40988935446a5,d37f81f8978e2672bc32c82712ab4b3f66624adc,88e731d7f455da59dfa08769527f87d6c496053a712637df7b999f6977933a2c,465e76a0940b7e1d948bfc2967a7fa8e4b36fa5a57c716dad9f02d1155e52498432882602bedc8d9d16072f429943ee3,961209ca87ba7d0272840bcc46a4177aaa216cc971a42bc6f4ad855c733ab3cae9c7f0fe08ed6197a04b2d4fce3bb428f160ed22365579ed90cd8868c8afd1c1,e1fb05790659108c6dcbaaf61242cc51f7e391d24a35c30fe9e1e6a118aaa8fd,0047d23870c9f5be3b826d52add7c51aa32d9572bcf08f44feb86dab83da6fe9f3da877b35cfbc5e77af9f4dd3eb0f86,0640c4ff54a2344aa2dbdde9e1f6e7fbaa1ecb1713ca70ccfb5e72b26806f9059a94d9bd4eab1bd1a9cfeaadf55036c3d5ab53f5d2bf71cf0cd9e54fb3515437,,,,,The Apache Log4j binding between Log4j 2 API and SLF4J.
Library,,,,,org.apache.tomcat.embed,tomcat-embed-el,10.1.10,,Apache-2.0,,,,pkg:maven/org.apache.tomcat.embed/tomcat-embed-el@10.1.10?type=jar,False,,,,,,,,,,5244288f54bd3cb5f2da1058b5d0003a,717033c0417fdc7e794b382c066b7e78f6029268,125d0bed2f3214d4bb0ab7b5cb8f71db306875feb77c2f0f480d1723b385b8c7,f8bdb593738f402b719e3a81167f5c6692985fff084a30502f41d5036444131dc889f4e5578186340140b8b15ff562ee,6aef30606b9f73fee647349ccba50bf656cd6c9039f1316b9040fd279c729ad1f3b313277b50af6a6b790339ef061060674e94481675af1507424acf81f79aa5,b443f946e28a3a225624e563d821aedab7e905442dff70ca5fce15ada9bd8657,2f8febf4cb334ff44901188f5135d52d5d2ef540c885218c9c4a2c55479df1d19361d8fd7d54c27e267904ef922a781d,f1f3dd16c54315a47ee69d5521fe488885d5d2be0c2d716310f7bf50bb099fa8b36a2b89d2ad9a5ac36cbab6f00fb936b9703f81a9b814955fb79a9121cad996,,,,,Core Tomcat implementation
Library,,,,,ch.qos.logback,logback-classic,1.4.8,,EPL-1.0,GNU Lesser General Public License,,,pkg:maven/ch.qos.logback/logback-classic@1.4.8?type=jar,False,,,,,,,,,,dfeae843fd558dd43e9ce59c30621469,f00ba91d993e4d14301b11968d3cacc3be7ef3e1,e6d9c1208bf664c427b9f5fe970b8372f794247473693c3f5d2440fa6b7bb527,ec31b247c9cc42eeca33842a144aeb8347a16e55e02b678b1dc971d19725d698f96fedc58ad59bf71264a61dfabbb798,4eea77828e52262bb7299e9844bfcd675f73fc56d5cb494cdd3bdb0340eafb9261e1176c5f93bcfffd6d8c65f76cb785e86478ffaf23bf4c036bebf1588dccdc,0bbe72bc8eeeea1e41d86defe2ba9024c3cf50b97c7e2947435b5defe9ac1c19,58b6b48238fb19f8dfe3d2fde288fc872a343698a607cacf7d0606872916905c462b68617d556b5d52fd90c3bd6a3a08,962b05d91e001bc003e458947efff8f0157e1dc195922c99d7f4a0fa86081ae54fd7d876e958c198dc0780e333c98e206ddacdad8a1dd0ed735ab0d154a055e3,,,,,logback-classic module
Library,,,,Spring IO,org.springframework,spring-expression,6.0.10,,Apache-2.0,,,,pkg:maven/org.springframework/spring-expression@6.0.10?type=jar,False,,,,,,,,,,f2e176910117ba5788fbf305d0e4a594,bd8c93e473e713fe9150a772487507a8e600d5f1,af44e25931b885dfe23dc700fbcc1c1e3b6dfd19fbee52aab46d89efd45bca69,d88deb434828c0bfcde597a477840920d350ffc3b89025dcd8a814a08722b0d170df4a9e370dc327d28e2859e67e2968,56654161495e46362aaa7f64bf2adb28f0f7f66bc315000e528e3b77757e3a44b3a5d36347077964d1f012588e34dc5fca46750ab210e0fde31fc7b02dc6d936,bac2ff9188cd27d0683024678b739795e7e448fafb3803d2c6c0ab717908ea39,6b91b0228cbc9a2be37a52301233146493955bba1a4ccd4a246d95b3d4a0c6e1e0ec50becbc3defb817aaa713874a212,f7a141e013592f7548f83de162ca3f654b38d81dc84b7144ff9fefe645003227251fb793c6eb76241a4c891ec40f15021994917191c568280c9ad69ad73e5706,,,,,Spring Expression Language (SpEL)
Library,,,,"VMware, Inc.",org.springframework.boot,spring-boot,3.1.1,,Apache-2.0,,,,pkg:maven/org.springframework.boot/spring-boot@3.1.1?type=jar,False,,,,,,,,,,c232ad7dc259c6ebab6e0835707e8870,0f8f80c1453c8fe0e08a6235f983d8daf571d3e3,3b0037f887423d8b73d375f72cf97769b68f918b31898b7d401f832b9a4889ba,2a90b390b4854b957ac1d4d890e42ee28d9bbe6e2dd781dee64c6a23bcbd6377e5848a959f3a3edb7bc8877798db0497,7181a4a697cb40bf5fa4c96517ff734f180116169ab75de8c764a3883820ae0775de289d762d0ea7cfb73c3821945b1371d3510e14dbe4a1180ba5eef9d1487a,1f9943320adb9a61d79be0b58295255a996ee11f88a5c73c80aed3d6b53d8f94,50e6881be0df6d97650db6a99cefe3d4504defeae734cd107bc40b64b0f12be4fb77b817076a9ef321faee6983f1129a,302f7cacbb8da364fed2f7f0cf3c83e442d555fe8322b502f493159d9429cc10d75129a4ef4a9b33efae426ac7c006363d386fe0bb3fba4763cf3649e6f246b3,,,,,Spring Boot
Library,,,,,com.fasterxml.jackson.core,jackson-databind,2.15.2,,Apache-2.0,,,,pkg:maven/com.fasterxml.jackson.core/jackson-databind@2.15.2?type=jar,False,,,,,,,,,,20ac0d0526a456274409fa852eb74087,9353b021f10c307c00328f52090de2bdb4b6ff9c,0eb2fdad6e40ab8832a78c9b22f58196dd970594e8d3d5a26ead87847c4f3a96,cced300ea06748cc30cdabf1a0a8e45749d3d2a52740975acd858bd13b83458d535a52fc4cc0eb8991ebd3638b9688ec,edf622f3d2bb2cdf308875e467f28eafdd581c6ad47992a2b49a2c803b597c7fe4330c8f887687599c8a6a529d8b11054f8b354b7ddddd2bf904ef347d4f1cd2,400677b87f766708abe38aea66c8564cb422cd271208e926a0c2eac99b64cd92,c4a29f5075cc31b52aabfc8f656ee761b075954fe89469e76aef7a563d93ee71653310967b68f89ce25ed26241c0bda9,0a02353d0afa97f7cb85f1f81ee221cf4425fbde1e2d1b6b7bd8fe0d5d2fcb5dbba8b6fe9c79b500c71fdac8accb77eccebe0853fd8c37bd34aa578796b8a81a,,,,,General data-binding functionality for Jackson: works on core streaming API
Library,,,,Spring IO,org.springframework,spring-webmvc,6.0.10,,Apache-2.0,,,,pkg:maven/org.springframework/spring-webmvc@6.0.10?type=jar,False,,,,,,,,,,c24299a6a327ef60b3eaec05b4c3dd45,af3f040747f4bfbcdb96140f8c9d252d3a6a4ef1,e978e1ea761efcbef540a7038ca85ded2484fb3937eb5691da184a05e909aaf8,047b7228c165798f732df232858c1c471433045450102bfb7a8649d8d5fb036956b1ddd072e1e86328d2d460d188bdcc,d9c9d63c0a7159c2decfb88587e5854fd5539e2ca479272ffaa7221d98cc29e40a8da642c83fa465d487e489b7d9f056859ed8ccd7eceae84495ed8d86d5a8c5,1f8acbbe6b8fec9013dc29359b85d5c87f2df5d2a89ef2b2aa0cef722a4af1f1,509cbda36ac271012b2ea5c0fb982f23f9b5cda9e0509503410b6ed72c18d036e94c87a7ae585554e3cbd387eb448831,0b43c42317be7ab78d4b73c22e80080d910c01de1c95ef73bea852c8386b3c6ad4e51764d355c9dd9f9170e55c887e01b04fa5e3bebb4abdb73d487efc946088,,,,,Spring Web MVC
Library,,,,,org.slf4j,jul-to-slf4j,2.0.7,,MIT,,,,pkg:maven/org.slf4j/jul-to-slf4j@2.0.7?type=jar,False,,,,,,,,,,965fd8c7c67bd57eb63b321d0bedf498,a48f44aeaa8a5ddc347007298a28173ac1fbbd8b,eaba65483bb38c93e68d557a19e5738962322de1946545dbf40e5e32f6293008,04f447db7af836df84dcecd74f8f6c57a7b63276e809bc9810a33815432a3626d1d0273481450b031d50e1c97fd88157,7df8d8db9bf6d1eb0f7728ad15fbd820533eca33e55a97ea2f177028f5c3e02ee8142768fff3e9f3204f40cfa9e4cc720a4ef8eb2aac6177e7b78e26702b30cf,83fdff5b70ea3d055d19c28dbab12d34b14594907e078756ced1194af28e7c13,e6ff1b827ab9b00405054c4e899b6b50f46978049a2fa9ceb7c0426ac4681d630455926908718214de0d0d6f772c9434,5281e7128a4a9eb38338ef465508902bf1b801fd973f5d87278442c68bff5ccb96f85cb17420627ed1fee9f475b899470fa07285910e4131f1f615a48448fdd0,,,,,JUL to SLF4J bridge
Library,,,,,org.yaml,snakeyaml,2.0,,Apache-2.0,,,,pkg:maven/org.yaml/snakeyaml@2.0?type=jar,False,,,,,,,,,,caf24b81b9d57e6d4f68b1ccd36e00a3,3aab2116756442bf0d4cd1c089b24d34c3baa253,880c9d896e4b74a06c549c15ca496450165d6909fa15d7e662bee8f6a66d7afa,63c0ec40f4e3f24786031fb8a9477071c86e69247dce283ff725e328e26fba7bdfbb0ab52027b9b0988b3978703a95fe,93567558444365c436027bd1064b67ae99abde77fa89b33ac7c586ab83e4dbf02b7610669fd00ccd258bca6ba3fa078954c92d918b989317dce7bf9ce18836b8,66264c5c5f4703942a959310c14f22df9c2b1c304ddca1d1c211da58af5623f4,fedd091de2b63c38fb04cb8e2d657bc7b37193ef065b18058be892d6b816d7cb68e5445819c3f3f8fca116311adc9760,0c4c5807880025a22791114253443d2166218760d63b80cd72eb3fdd71a19fdadb27d392b47de9c6b7ca2a2dc312273f0b8c97012ff277d2cab0fd06f3902573,,,,,YAML 1.1 parser and emitter for Java
Library,,,,,com.fasterxml.jackson.datatype,jackson-datatype-jdk8,2.15.2,,Apache-2.0,,,,pkg:maven/com.fasterxml.jackson.datatype/jackson-datatype-jdk8@2.15.2?type=jar,False,,,,,,,,,,dafcfdd5924e4b0577250280c7ff0d6e,66a50e089cfd2f93896b9b6f7a734cea7bcf2f31,5be6e20504b1eab7a40f98c4f98bd92e9177d6e6e20f183928e7d207fc66cb78,c458c5fcba559d50f3356f11bd9136e814566568cb50d93fd23588e0c7427a8f12fa8f040bbd4bc0335dbbbef760ffff,73d6b07a821c14fb0ad13e4a3ca2856d316961c2f6d8b65c29a0c7ab587f76d56dab49b0f114b506ed53d36e084c9b1dcd8523ff743009dfcf34b894accd689f,c3130237546b90a5761c60355b34609e051a0248d026b54139ae1b37d8124d38,6743fc6f3fdbbe6551f5bc68e547a8ffc1cf7ad3860a551bce226742d5e5b08416163d3410fd163fab137b433d9dbb01,a748da8094ab51b17a19f48e2605bd5f0eeb35e4942c9586e748497d04cce6e9ae1c76b6847edb089d12b266f2ef31d248f6290988ee4f4059f91dad76936e7b,,,,,Add-on module for Jackson (http://jackson.codehaus.org) to support JDK 8 data types.
Library,,,,Spring IO,org.springframework,spring-beans,6.0.10,,Apache-2.0,,,,pkg:maven/org.springframework/spring-beans@6.0.10?type=jar,False,,,,,,,,,,f031b347dbf825fe9b095b73141426a4,8fc0684773cc1598edd810660f57d9e9c8ae6055,9f7719bdabe01302c502160b08f2ab45df242edb46e972486f08aa2be5c77f2d,c6ce0e9457d6ad72ac1a0d356d89877a1f074c7c6db7ffc7bf3129b56f946e36e767424027a45ff8b697a744eeae9ddc,d7fd94bda155361f3b8b4a3e195a41665548cd764e6403f842d0db7b0580eceea9df452c9e5f4e3dc608280db66c98e5b536bb616540a2fa22887e59a826bb21,840e5f95c9f6e5407c20f2d98825c5f34a92be1f12e8907ebf2b764ad25707fa,39ebf8b258bd030f63d6d920a02e4a7aa259df650ac949c869699c658391c0983aa9b9498cdea7b014139b1b54fda468,e5b29a17e44d7081c49e68a3e83caaca5b95149214fd43941730c8ae3a325997fc5680961fafcaf0e1b29e285a8a3c95d410ee23967799b1e10b1b5b46b9d99d,,,,,Spring Beans
Library,,,,,io.micrometer,micrometer-commons,1.11.1,,Apache-2.0,,,,pkg:maven/io.micrometer/micrometer-commons@1.11.1?type=jar,False,,,,,,,,,,94707d2f86885b6da26d5143b0da80b1,45bc0f2aa4d6180f1a783f1930f307a4efbb12e8,d2ed55c8abac6fce3b000c67316d2e654992cf7f73c74385169a9d3964497416,3d47e82b23998fe0e8174a6dc7bb5379455ec7b32940ad3b42405428b0116e94ced2c0b941794389f7a5f1d48e228f7e,0a4298b69f362857d5ca02bff14d5d319715520917c032213f0b43b468758494bd0640a09568b47806f429b3c1b088dc1d34ae7488a5baf09108a937c6baa37d,339552566452c153e7c6deabdabc98b00da298e8648c8494975e0d40340b423b,80e639e28ee60f0a4dafaf66f00df93f96a023c353e24e2f2833be550afe1275c818226391aae72d593935a23eb6eccc,14649630e741a250740ce3014075305a9536e6454e2d5ae805c14babd2af1193a0fd9821b64d2fece806a9bf983dfd52e4fe99684de1543dccbfc672b4423e71,,,,,Module containing common code
Library,,,,,com.fasterxml.jackson.core,jackson-annotations,2.15.2,,Apache-2.0,,,,pkg:maven/com.fasterxml.jackson.core/jackson-annotations@2.15.2?type=jar,False,,,,,,,,,,71dabcaac955a8bd17b5bba6580aac5b,4724a65ac8e8d156a24898d50fd5dbd3642870b8,04e21f94dcfee4b078fa5a5f53047b785aaba69d19de392f616e7a7fe5d3882f,78885119a700d5dd717fc83e58bf063e1fd07bc823846b6797af6a04a99e92e8fbcf28c3a1316079e6695c138c110deb,c9ffb4cf3e409921bca1fa6126ca8746c611042ac3fcf0e4f991d23d12b20ef0946ef1421d991ae8ed86012059df4e08fb776d96db6d13147c2ec85e22254537,b4e4df4be6fe975483027aef5d4df099d8bf6dd5974118d118a47775d5f75a88,f5b8fcedd6d34427bbe32b1c6082b49d9ded5a00b69549cd6722ffad7d87f3e90b48ddc74a8bd0dec1987ebac73df3a7,d10fdee33fe005f9941851117e7021fae066ca3ddf2ccbbd048dae103f3cb540e11116ba53fe48b34bbab6fcfe09a6cbc6c50d1bc74893509e8b93a6c6f2c517,,,,,"Core annotations used for value types, used by Jackson data binding package."
Library,,,,,io.micrometer,micrometer-observation,1.11.1,,Apache-2.0,,,,pkg:maven/io.micrometer/micrometer-observation@1.11.1?type=jar,False,,,,,,,,,,fa218434d6ea1538c5fd1e46eb71f3f2,9027a35892c7e08ea8affce87b3662b6ceca122c,7c7624febf402f983f61e7da0c26fb303c0ab507fdfa25db06ae6c2776ed9ffa,00931dc16741002c8852fe6b83e9b6ca98141ef64fd038d701955704f0081214d27e13fd193fe63f064de8a9e3bf4b8a,5b40fab1827cb058b87782fec3e132eba7e56f4aaee5c9f32e6e9085ec91190ab34d88e66de39dc7491bd28123281b49f9e9e861610b80ad0f6bbe201acafc99,4fba5dc950aecf76e5038e3a033e5c38dc0e74ea071219265792cb317ee8acb5,fa6eedfca1b9e7f8e1c70efa004beab7bfc704dbd4c9f944c5ddb95c889f9c50568d2d85b66af5e7b449e7c50339c3ce,85f50bc65a2f074cd8fe9c5b6557a80c31f7f90007d54095b76f1d786b2c928af7b8b9445a7dfdcb9ca2a0ea383a7191fdd5ad897f40db71eb222ab3da626f20,,,,,Module containing Observation related code
Library,,,,Spring IO,org.springframework,spring-jcl,6.0.10,,Apache-2.0,,,,pkg:maven/org.springframework/spring-jcl@6.0.10?type=jar,False,,,,,,,,,,f143203c66139baf1ee2cf7c6fb78db7,cba44e98dab40a506c50978a0e5f11ceaa90b3ff,323209c83374e9e4c0785311334862fef23755b24c3c0ef94af57313336d6c30,c3b08b61f57c7ab68ffeb5a9bbbe4279815596526297ce251610dce79f7bbeb96f8b20d7eb98c8c3de564a934a4afca8,8c42ab60f843faf3d98ae0aeb49d8c701dfe62564822a7c1070bcf3f8b7cb6a9197a82c2b83ed2942b34e54f7ef6db469158c5aec274a598e3d26004f47b19e6,0c5d40c63bcfbf1013291f070d704f6c97c38d0d39bb89e552398f56090bc315,ffd417b7d576823933e0a773c9812143665735528172cddccede8134dc08fb5bf84d5de9ae667b5dd5e64fd6f496b765,dd28715c0f7cffc70be1ea2f50e2c49a74f5518d5593358aaf0439215c13e5f009f437034a25452f924da7b8192cca2f1dbc1d4fb3392a507bc47c70df6fd47e,,,,,Spring Commons Logging Bridge
Library,,,,"VMware, Inc.",org.springframework.boot,spring-boot-starter-json,3.1.1,,Apache-2.0,,,,pkg:maven/org.springframework.boot/spring-boot-starter-json@3.1.1?type=jar,False,,,,,,,,,,d83e91f9c8219b0699c660822daa99b0,8dc99860536a6a858de6caaeb67f84d7af8a30a3,de86d240425fbfe5acdf4acacfb238d1b7533989363f9512d8ed765c613c941c,435602691a66753588c4510e44bdf56b82c2f76edb7de17e90c41e35d33b5ca8a9a92e81d19ead898afe3e8eee2ed806,224804738d9d021658ab5dfbde0a4620cb8dd12f490751a1618a70a52dc17bc2e4329c8de304f05c4dd00f1764e4a9e33d3ba6456ccedf9dc4dc550cee826303,2c5f72f7ebc3052297d2b27446e281c7ba66e9816428dd019100c8f6cb8232fd,3cfcf3da881896e64398e893ee8c24f7dddfdde799356fab2919483f94763f93bb412ea335709ee53eee665593211d15,28a8904a00b12fe7efacbc5ad6e93bea56aa66ca5a08fc2d96b93a2b1567cf776e2501e827e22828b54f58e91b7382b6e0b585c5d2bfe2ddcbee2b26caf0b6cb,,,,,Starter for reading and writing json
Library,,,,Spring IO,org.springframework,spring-aop,6.0.10,,Apache-2.0,,,,pkg:maven/org.springframework/spring-aop@6.0.10?type=jar,False,,,,,,,,,,d106929e8bdc67c5afbfd779afdaf434,0cc309a306fa759018b107dea9a208c758af0297,60c4d4529b25157c8bdf26747f0e61f76d45fe1ec4918745cbcc8f8115b70ad1,2e2ae09769078ed11dfd852b0b7a8869225e2bba9edbdc09584caa90738b6d89841bcd15e9b7dba2dd8206fe823d6a1a,a2a311582c706fd2921ab7547d573bc07a0c6763b477a0b4ce0d5f1fc69616f9b3d26af519991f29ccb279c9bc833e34cb5ad144ccd5eecd80a8229b05204473,5186bbdc6c2cc9375c788ca90a0cef7f076ca9ca6616a7078fb73576903854b2,a59810c468277af5f84fc133cf5c2b66e0be7ddcea5cc6d98538c68b527bd1388f72a1fda0d759ebf20b8fc9c1a3f195,3111bc3abb53f25bb384d36e2bfbb35391d6d3c91dac456c1acb36eb23d8df4e47cc953fe786d7eab99de1342b55e8c71a52f2c0d8593183d61858e072237deb,,,,,Spring AOP
Library,,,,Spring IO,org.springframework,spring-web,6.0.10,,Apache-2.0,,,,pkg:maven/org.springframework/spring-web@6.0.10?type=jar,False,,,,,,,,,,6c39312eeb4b92f930ed44494fc54e75,e61defa7908bf7a499f000dab8ef7691c2aa75c1,42a9efbe8681be4d918a363348ba2bea131ce6362c0aa7260f17fd8f5c544375,baf6b5bb5fda0589d6435c3bd1ab3703e01df4f043727c154afd8c74ef133c9de8f1d29a5d2e7b329d1283ddcdaa4db0,5398b05186f0932d36e2be17902613291849c1a321820d1757bfa255b621f67287bfa55c50a49cdc223c1f5d4fb223f5134dfd40c21f6acf01233d023178e375,86da111f9854650a61dc587217f2f64570c3bc914e5ae80a3049b7632d7154ae,4ca037f18713fb027671683a1084f3c5ec2def956ed6dacfe2170b2b93dee112c3d62a9bc04dda6ccff6b1cdc6ce886b,36670ff581030c969e3f8cac8430f950b5e92c10bc54f1d757fa47ec45f79fa64f0c71348bb4166f636b6465dfcaa0462bb640a4468fb040492f0b40e33d5aa4,,,,,Spring Web
Library,,,,,com.fasterxml.jackson.module,jackson-module-parameter-names,2.15.2,,Apache-2.0,,,,pkg:maven/com.fasterxml.jackson.module/jackson-module-parameter-names@2.15.2?type=jar,False,,,,,,,,,,8b6ce3f14a5bafb9adaf3271f58bf7e4,75f8d2788db20f6c587c7a19e94fb6248c314241,2f624e16373508f8e3a1535f5a6e9d80286b87a899fd128e5fded268625fe913,991f0e833e5a1a2bb94b4a17da040e99fe4404eca1c7831ef35698a5719e4ec2c2cea38243f0866735dc00f6d5c65ac0,c672d7ef121252c8cab7d7192b26d06e8d1866cb2b33cdb08b9ed0cc2a0d840192e5987d7139a5761a5a6f266715509eb13698b865ff3b6ce0f3e7d4a100bd70,49510eeb688d5fca3383ac07fc60b05a8937a748f6232bfa5d8d0dfbd7aca994,4fe19b2a30a0b3dc18aacd2d14ae3e57dd89072f1c1d7b5d1895a24cf4b8c8d78a926ed280b014b0c42622a19252c171,664d9f38e9a83c81eb5b0eeb1217c2107f14b450aab40eed7053a0393ca6f04fd50a1fa49fd921bcc84564e4db68744ba4cf7a734662fac3ab1901f5655300b7,,,,,"Add-on module for Jackson (http://jackson.codehaus.org) to support introspection of method/constructor parameter names, without having to add explicit property name annotation."
Library,,,,,com.fasterxml.jackson.core,jackson-core,2.15.2,,Apache-2.0,,,,pkg:maven/com.fasterxml.jackson.core/jackson-core@2.15.2?type=jar,False,,,,,,,,,,e51fdee85b48e6637ad9e85ee76b58df,a6fe1836469a69b3ff66037c324d75fc66ef137c,303c99e82b1faa91a0bae5d8fbeb56f7e2adf9b526a900dd723bf140d62bd4b4,22f4b71de5860b9c54dd85091d5b1312f7f5097a376f68f5a35b32a342858bf2e24ed394d76be0648545a6137d78b82e,a8a3ddf5c8a732fc3810f9c113d88fd59bf613d15dbf9d3e24dd196b2b8c2195f4088375e3d03906f2629e62983fef3267b5478abd5ab1df733ec58cd00efae6,fa5ecb4b5ab9884403d5001dd368be876e10daf90e91fccfdf6fb21f14563c15,bf7f6d6d6898978d2ca11e924f0268a90adbb6f6f88b1402e7c96b6fba76ff4e7d83ba163d10b1c551443c3b3cdef9d2,1e8648a4c8aac64f0f71787ec6dd4693a30fe0e3c1fb78ce12b2a1865d17d7f9788c085ed1ac1216e45c05f582a0764d8fee44cf18cc90403846d255fe778c7b,,,,,"Core Jackson processing abstractions (aka Streaming API), implementation for JSON"
